"index","relation-type","term1","b1","e1","term2","b2","e2","sentence"
"451","TWrex-diagnose","tuberculosis","289","301","PPD","147","150","Sixteen of the reagents were new tuberculins prepared from extracts of living mycobacteria disrupted by ultrasonic disintegration and the last was PPD, RT23.The effect that tuberculosis exerted on the delayed-type skin test response to these antigens was assessed by comparing results for tuberculosis patients with those for Tuberculin positive and Tuberculin negative control populations"
"452","TWrex-diagnose","pituitary","34","43","thyrotropin","141","152","Dynamic tests of the hypothalamic-pituitary axis included growth hormone releasing hormone (GHRH), gonadotropin releasing hormone (GnRH) and thyrotropin releasing hormone (TRH) stimulations with measurements of serum growth hormone (GH), follicle stimulating hormone (FSH), luteinizing hormone (LH), thyrotropin (TSH) and prolactin (PRL) responses"
"453","TWrex-diagnose","tuberculosis","40","52","tuberculin","60","70","The most common test to identify latent tuberculosis is the tuberculin skin test that detects T cell responses of delayed type hypersensitivity type IV"
"454","TWrex-diagnose","tuberculosis","180","192","PPD","93","96","The tuberculin tine (old tuberculin) and the Mantoux (stabilised purified protein derivative-PPD) tests were compared by using them in two simultaneous skin tests on patients with tuberculosis"
"455","TWrex-diagnose","infection","290","299","test","192","196","The aims of this study were to evaluate the sensitivity, specificity, positive predictive value (PPV), negative predictive value (NPV) and diagnostic accuracy of a rapid serum and whole-blood test, Quick Vue One-Step H. pylori test (Quidel Corporation) for detection of Helicobacter pylori infection"
"456","TWrex-diagnose","tuberculosis","187","199","PPD","253","256","We studied 57 infants (40 boys, 17 girls) who were diagnosed as tuberculosis by isolation of Mycobacterium tuberculosis or combination of family contact, radiographic findings suggesting tuberculosis, and positive reaction of 5 mm or more induration to PPD tuberculin"
"457","TWrex-diagnose","tuberculosis","300","312","PPD","4","7","The PPD-based IFN-gamma test was very effective in differentiating animals vaccinated against Johne's disease that were skin-test positive from those with bovine tuberculosis, and the use of PPD or specific mycobacterial antigens minimised the number of false positive reactions in animals with skin tuberculosis"
"458","TWrex-diagnose","episode","249","256","dexamethasone","474","487","When sleep polygraphic variables, neuroendocrine parameters (dexamethasone suppression and thyrotropin-releasing hormone tests), and various clinical variables (unipolar/bipolar status, psychotic/nonpsychotic subtype, and severity of the depressive episode) were examined, statistically significant differences between endogenous and nonendogenous patients emerged for three variables: the thyroid-stimulating hormone response to the thyrotropin-releasing hormone test, the dexamethasone suppression test response at 16:00 h, and the percentage of time awake during the night"
"459","TWrex-diagnose","bronchial hyperresponsiveness","161","190","methacholine","89","101","This study was carried out to compare bronchial responses to inhaled propranolol (P) and methacholine (M) in a group of asthmatic subjects with mild to moderate bronchial hyperresponsiveness to M; to determine the short term reproducibility of bronchial response to propranolol; and to examine the shape of dose-response curve to P relative to that of M. Doses of M and P were given in mumoles and bronchial responses to both agents were expressed as the provocative dose that induced a 20 percent fall in FEV1 (PD20 FEV1"
"460","TWrex-diagnose","hyperresponsiveness","112","131","methacholine","135","147","All subjects complained of asthmatic symptoms at diagnosis, and underwent measurement of non-specific bronchial hyperresponsiveness to methacholine, skin prick tests for common allergens, PEF monitoring during 2 weeks at work, specific bronchial challenge (SBC) test with bleaching dust, and assessment of airway inflammation by induced sputum technique"
"461","TWrex-diagnose","TBC","69","72","PPD","98","101","By multiple-comparison analyses, the T CD4+ lymphocyte number of the TBC group was lower than the PPD- group (P"
"462","TWrex-diagnose","tuberculosis","0","12","tuberculin","44","54","Tuberculosis infection, as estimated by the tuberculin test, T-SPOT.TB test, and expert physician panel, was detected in 12.8%, 35.5, and 26.1 of patients respectively"
"463","TWrex-diagnose","Cushing","266","275","dexamethasone","103","116","The 4 patients who were unresponsive to both tests did not show any further inhibition after high-dose dexamethasone administration, had low plasma ACTH levels and showed impaired or absent responses to the CRH test: they were diagnosed as affected with preclinical Cushing's syndrome"
"464","TWrex-diagnose","TB","220","222","PPD","82","85","Whilst the intradermal injection of partially purified derivatives of tuberculin (PPD) represents the classic test assessing the delayed type hypersensitivity (DTH) response used in both humans and cattle for diagnosing TB, it has been suggested that the test may modulate host CMI responses"
"465","TWrex-diagnose","aspergillosis","188","201","fumigatus","15","24","An Aspergillus fumigatus immunodiffusion test was performed biweekly for one year on 80 hospitalized patients with acute leukemia to determine if serologic conversion accompanied clinical aspergillosis"
"466","TWrex-diagnose","TB","98","100","PPD","185","188","Our findings suggest that the underlying mechanisms of cytokine regulation might differ between N-TB and R-TB patients, and that decreased IL-12 production in response to the 30-kDa or PPD Ag might be involved in the immunopathogenesis of human R-TB"
"467","TWrex-diagnose","TB","415","417","tuberculin","120","130","To identify individual diagnostic criteria, the study group was divided into 4 subgroups: 1) 119 patients with positive tuberculin tests (> or = 10 mm induration) and a known contact with a TB patient; 2) 100 patients with positive tuberculin tests (> or = 10 mm induration) without known contact with a TB patient; 3) 33 patients with negative tuberculin tests (> or = 10 mm induration) and a known contact with a TB patient; 4) 32 patients with negative tuberculin tests (> or = 10 mm induration"
"468","TWrex-diagnose","TB","190","192","tuberculin","456","466","To identify individual diagnostic criteria, the study group was divided into 4 subgroups: 1) 119 patients with positive tuberculin tests (> or = 10 mm induration) and a known contact with a TB patient; 2) 100 patients with positive tuberculin tests (> or = 10 mm induration) without known contact with a TB patient; 3) 33 patients with negative tuberculin tests (> or = 10 mm induration) and a known contact with a TB patient; 4) 32 patients with negative tuberculin tests (> or = 10 mm induration"
"469","TWrex-diagnose","MHS","110","113","halothane","52","61","The potentiation effect on Ca-induced Ca release by halothane and caffeine did not differ appreciably between MHS and normal fibers"
"470","TWrex-diagnose","Mg","17","19","chloride","117","125","The diagnosis of MG was based on clinical features and one or more of the following factors: response to edrophonium chloride, electrophysiologic studies and demonstration of circulating AChRAB"
"471","TWrex-diagnose","disorder","227","235","dexamethasone","16","29","Response to the dexamethasone suppression test (DST) was tested in 20 patients fulfilling the Research Diagnostic Criteria (RDC) for schizoaffective disorder, depressed type, and in 52 patients meeting RDC for major depressive disorder"
"472","TWrex-diagnose","TB","98","100","PPD","131","134","TB suspects underwent standardised evaluation for the presence of signs and/or symptoms of active TB, including chest radiography, PPD skin test, sputum microscopy examination for acid-fast bacilli and mycobacterial culture"
"473","TWrex-diagnose","tuberculosis","96","108","TB","230","232","A retrospective study was carried out at Lilongwe Central Hospital, Malawi, to determine 1) the tuberculosis case notification rate in health care workers (HCW) in 2001, and 2) whether NTP guidelines were adhered to in diagnosing TB"
"474","TWrex-diagnose","hyperreactivity","160","175","methacholine","205","217","The specific bronchial provocation test was found to be more related to the allergic status, as reflected by specific IgE levels, than to nonspecific bronchial hyperreactivity, as reflected by response to methacholine"
"475","TWrex-diagnose","tuberculosis","49","61","TB","157","159","Using clinically diagnosed and notified cases of tuberculosis as well as subjects in whom the condition had been excluded as controls, it was found that the TB ELISA showed very low degrees of specificity and sensitivity and consequently was not suitable as a diagnostic tool in identifying children aged 5 years or less with tuberculosis"
"476","TWrex-diagnose","tuberculosis","308","320","tuberculin","79","89","Despite the low number of patients investigated, our findings suggest that the tuberculin skin test and its in vitro correlates (T cell mitogenesis and IL-2 production) could provide simple and reliable diagnostic tools for identifying atypical forms of KD, or vice versa, in subjects not vaccinated against tuberculosis"
"477","TWrex-diagnose","depression","174","184","dexamethasone","105","118","This study was conducted to assess the predictive value of different variables including the response to dexamethasone suppression test (DST), in 105 patients with resistant depression after the addition of lithium (600 to 800 mg/day) for 4 weeks to antidepressant medication"
"478","TWrex-diagnose","cushing's syndrome","151","169","dexamethasone","40","53","Serum cortisol levels, the results of a dexamethasone suppression test and an adrenal scintigram with 131I-19-iodocholesterol were all compatible with Cushing's syndrome due to an adrenal adenoma that secretes cortisol autonomously"
"479","TWrex-diagnose","infection","13","22","tuberculin","44","54","Tuberculosis infection, as estimated by the tuberculin test, T-SPOT.TB test, and expert physician panel, was detected in 12.8%, 35.5, and 26.1 of patients respectively"
"480","TWrex-diagnose","cushing's syndrome","16","34","dexamethasone","160","173","The etiology of Cushing's syndrome is best determined by combining measurements of basal state plasma adrenocorticotropin (ACTH) levels with the 8-mg high-dose dexamethasone suppression test"
"481","TWrex-diagnose","Cushing","16","25","dexamethasone","160","173","The etiology of Cushing's syndrome is best determined by combining measurements of basal state plasma adrenocorticotropin (ACTH) levels with the 8-mg high-dose dexamethasone suppression test"
"482","TWrex-diagnose","TB","0","2","PPD","131","134","TB suspects underwent standardised evaluation for the presence of signs and/or symptoms of active TB, including chest radiography, PPD skin test, sputum microscopy examination for acid-fast bacilli and mycobacterial culture"
"483","TWrex-diagnose","TB","95","97","PPD","201","204","We have reported selective up-regulation of IgG1 (which bind to Fcgamma receptors) in advanced TB and have recently shown the ability of PPD-specific IgG1 antibodies to augment TNF-alpha expression in PPD-stimulated monocytes"
"484","TWrex-diagnose","Tbc","111","114","tuberculin","4","14","The tuberculin test was positive in 22 (71%) patients with definite Tbc and in 29 (60%) patients with probable Tbc"
"485","TWrex-diagnose","hyperreactivity","27","42","metacholine","176","187","We conclude that bronchial hyperreactivity as evaluated by the methacholine challenge test is not closely related to isocyanate-induced bronchoconstriction and, therefore, the metacholine challenge is only of limited diagnostic value in patients with suspected isocyanate-induced asthma"
"486","TWrex-diagnose","dwarfism","70","78","ghrh","95","99","These findings suggest that one of the causes of idiopathic pituitary dwarfism is insufficient GHRH release from the hypothalamus"
"487","TWrex-diagnose","tuberculosis","113","125","PPD","208","211","We attempted to overcome the depressed in vitro response observed in PBL from patients with advanced, refractory tuberculosis and found that the addition of exogenous, recombinant IL-2 returned the depressed PPD-induced PBL proliferation in these patients to the level of response observed in PBL from patients with newly diagnosed tuberculosis"
"488","TWrex-diagnose","CD","14","16","DMS","47","50","These diamino-CD-monomers are polymerized with DMS to yield amidine-based polycations"
"489","TWrex-diagnose","Cushing","92","101","dexamethasone","234","247","A high index of suspicion of the syndrome is required in patients with symptoms or signs of Cushing's syndrome but with normal cortisol values, in patients with fluctuating cortisol values, and in patients with anomalous responses to dexamethasone"
"490","TWrex-diagnose","tuberculosis","52","64","TB","225","227","We identify early predictors of multidrug-resistant tuberculosis and describe improved clinical outcomes, including survival, for patients with human immunodeficiency virus (HIV)-related multidrug-resistant tuberculosis (MDR-TB) when they are prospectively identified and receive treatment under direct observation"
"491","TWrex-diagnose","tuberculosis","44","56","TB","168","170","The diagnosis of bacteriologically negative tuberculosis (TB) in children is traditionally based on clinical criteria, such as a history of contact with a patient with TB, a positive tuberculin test suggesting TB infection and radiological TB changes"
"492","TWrex-diagnose","variant angina","177","191","ergonovine","282","292","We compared the basal coronary artery tone and the constrictive responses to acetylcholine (Ach) and ergonovine (Erg) among three groups of patients: 31 patients (group 1) with variant angina in whom spasm was provoked by low doses of acetylcholine (intracoronary 20 micrograms) or ergonovine (intravenous 50 micrograms); 35 patients (group 2) in whom spasm was provoked by higher doses of acetylcholine (intracoronary 100 micrograms) or ergonovine (intravenous cumulative dose of 350 micrograms); and 26 control subjects"
"493","TWrex-diagnose","tuberculosis","167","179","TB","208","210","Measurements of different cytokines and chemokines in supernatants of PMBC cultures in the presence of PPD showed increased levels of interferon (IFN)-gamma in active tuberculosis infection (ATBI) and latent TB infected (LTBI) compared to controls, and increased levels of TNF-alpha in ATBI compared with LTBI"
"494","TWrex-diagnose","depression","85","95","dexamethasone","4","17","The dexamethasone suppression test (DST) has performed well as a diagnostic test for depression in many specialized research settings"
"495","TWrex-diagnose","tuberculosis","62","74","TB","76","78","Persons with AIDS (PWAs) are 100 times more likely to develop tuberculosis (TB) than the general population"
"496","TWrex-diagnose","depression","499","509","dexamethasone","471","484","Major findings were: (1) the DST gradually normalized 3-4 weeks prior to full resolution of clinical symptomatology; (2) weight loss was an important patient variable which may have contributed to false positive DST results; however, the positive correlation between changes in DST results and changes in depression scores in all our patients with or without weight loss suggests that psychopathological factors other than weight change participate in the development of dexamethasone resistance in depression; (3) the low dose (1 mg) version of the test requires careful control of minor medical disturbances"
"497","TWrex-diagnose","disease","130","137","ICG","78","81","So that, the application of Bayesian analysis to the one point measurement of ICG test was useful to clinical evaluation of liver disease"
"498","TWrex-diagnose","tuberculosis","26","38","TB","84","86","We examined a group of M. tuberculosis isolates from newly registered tuberculosis (TB) cases, collected at the largest university hospital, the Siriraj Hospital, in Thailand"
"499","TWrex-diagnose","tuberculosis","54","66","TB","68","70","Cachexia is one of the prominent features of advanced tuberculosis (TB) seen in association with increased expression of the monokine TNF-alpha"
"500","TWrex-diagnose","diabetes","203","211","plasma glucose","115","129","Detection of glucose intolerance in PCOS is best performed via 2-h oral glucose tolerance test rather than fasting plasma glucose alone, since it enables diagnosis of both impaired glucose tolerance and diabetes"
"501","TWrex-diagnose","tuberculosis","74","86","PPD","281","284","We believe that the molecular signature distinguishing active from latent tuberculosis infection may require using cytokine bead arrays along with RNA microarrays testing cell cultures at different times following in vitro proliferation assays using several bacterial antigens and PPD"
"502","TWrex-diagnose","infection","198","207","tuberculin","132","142","It has led in 2004 to the discontinuation of all revaccinations and post-vaccination tuberculin tests except those post-vaccination tuberculin tests performed as part of a diagnosis of tuberculosis infection or disease or of the follow-up of health or social workers for whom BCG vaccination remains mandatory"
"503","TWrex-diagnose","disorder","57","65","dexamethasone","137","150","In a sample of 96 patients with DSM-III major depressive disorder and in a subset of 78 melancholic patients, there was no evidence that dexamethasone nonsuppression was more common in patients with reported weight loss"
"504","TWrex-diagnose","Cushing","28","37","dexamethasone","211","224","The definitive diagnosis of Cushing's syndrome is best established by combining basal state measurements of the daily urine-free cortisol excretion and late evening plasma cortisol levels with the 2-mg low-dose dexamethasone suppression test"
"505","TWrex-diagnose","tuberculosis","55","67","tuberculin","134","144","Of the seven patients with a final diagnosis of active tuberculosis, all were positive by ELISpot including three with false-negative tuberculin skin test results"
"506","TWrex-diagnose","TB","94","96","PPD","168","171","Moreover, according to Mycobacterium bovis BCG vaccination status, only 59% of the vaccinated TB patients responded to ESAT in vitro, whereas 100% of them responded to PPD"
"507","TWrex-diagnose","tuberculosis","151","163","PPD","238","241","A second survey was conducted on 259 persons (109 recently revaccinated healthy persons, considered as tuberculin-negative in the first trial, and 150 tuberculosis patients), using a higher dose of A60 (2 micrograms) and the same dose of PPD (5 I.U"
"508","TWrex-diagnose","hyperreactivity","147","162","methacholine","46","58","The experimental design included pre-exposure methacholine challenge to determine if responses to HCHO were associated with pre-existing bronchial hyperreactivity"
"509","TWrex-diagnose","infection","109","118","test","73","77","Our aim was to evaluate the QuantiFERON-TB Gold In-Tube (QFT-G IT) blood test for Mycobacterium tuberculosis infection in children and to compare results with those of the TST"
"510","TWrex-diagnose","bronchial hyperresponsiveness","45","74","methacholine","142","154","We report two asthmatic patients with normal bronchial hyperresponsiveness and one asthmatic patient with mild bronchial hyperresponsiveness (methacholine PC20; 24 mg/ml) which was presumed to be caused by sensitization and exposure to Black GR, the most frequent sensitizer among reactive dyes"
"511","TWrex-diagnose","tuberculosis","0","12","TB","14","16","Tuberculosis (TB) results from infection with Mycobacterium tuberculosis and remains endemic throughout the world with one-third of the world's population infected"
"512","TWrex-diagnose","hyperresponsiveness","55","74","methacholine","142","154","We report two asthmatic patients with normal bronchial hyperresponsiveness and one asthmatic patient with mild bronchial hyperresponsiveness (methacholine PC20; 24 mg/ml) which was presumed to be caused by sensitization and exposure to Black GR, the most frequent sensitizer among reactive dyes"
"513","TWrex-diagnose","tuberculosis","103","115","PPD","125","128","This article will help advanced practice nurses understand the relationship between the immune system, tuberculosis, and the PPD skin test; the problem of anergy with immunocompromised patients, particularly those who are HIV-infected; issues involved in placement and interpretation of the results of the PPD test; new Agency for Health Care Policy and Research (AHCPR) standards for PPD interpretation with HIV-infected persons; the &quot;booster&quot; effect and two-step PPD testing; concerns regarding bacille Calmette-Guérin vaccine; and the use of a critical pathway to aid in"
"514","TWrex-diagnose","tuberculosis","271","283","TB","180","182","Other procedures addressed reduction of transmission of Mycobacteria tuberculosis to HIV positive persons and to the general population, of the incidence of reactivation of latent TB in HIV-positive persons, and of primary active TB in HIV-positive persons exposed to M. tuberculosis"
"515","TWrex-diagnose","syndrome","58","66","halothane","199","208","These results suggest that (i) the malignant hyperthermia syndrome is not directly related to the polar heads of phospholipids and (ii) dantrolene counteracts unspecifically the disturbing effect of halothane at the lipid level"
"516","TWrex-diagnose","tuberculosis","0","12","PPD","78","81","Tuberculosis, our preoperative diagnosis, evidenced by her sterile pyuria and PPD conversion was confirmed by the surgical specimen and treatment was begun"
"517","TWrex-diagnose","tuberculosis","91","103","tuberculin","18","28","A higher ratio of tuberculin test positivity among the students of the teacher with active tuberculosis versus students vaccinated with BCG one year previously according to the routine vaccination program was determined"
"518","TWrex-diagnose","diabetes","48","56","glucose","186","193","Cases with obesity, polycystic ovarian disease, diabetes mellitus, infertility and hypoglycemia showed higher (p = 0.01-0.05) IRI changes, inversely correlated with a decreasing fasting glucose observed in diabetics under treatment with various degrees of control"
"519","TWrex-diagnose","depression","141","151","dexamethasone","31","44","From a theoretical aspect, the dexamethasone test enables us to delineate the nosology of the depressive disorder and to detect in childhood depression the same neuro-endocrinological features as noticed in adulthood depression"
"520","TWrex-diagnose","tuberculosis","165","177","TB","179","181","The aim of the present study was to assess the cost-effectiveness of the new T-SPOT.TB assay versus the tuberculin skin test (TST) for screening contacts for latent tuberculosis (TB) infection in Switzerland"
"521","TWrex-diagnose","impotency","83","92","papaverine","17","27","The Rigiscan and papaverine are useful in the diagnosis and management of erectile impotency"
"522","TWrex-diagnose","tuberculosis","219","231","PPD+","51","55","Stimulation profiles for tuberculosis patients and PPD+ contacts were extremely heterogeneous, formally demonstrating that an enormous number of different antigens serve as targets of the cellular immune response to M. tuberculosis"
"523","TWrex-diagnose","tuberculosis","266","278","tuberculin ppd","113","127","Tuberculin diagnosis confirms the primary diagnosis only in case of hyperergic response to the Mantoux test with tuberculin PPD 2 TU. Tracheobronchoscopic detection of nonspecific endobronchitis is not a reliable enough diagnostic criterion to differentiate between tuberculosis and pneumonia"
"524","TWrex-diagnose","tuberculosis","32","44","TB","46","48","A 1992 PAHO meeting of AIDS and tuberculosis (TB) specialists resulted in guidelines for health professionals on diagnosis, treatment, and follow up of TB associated with HIV infection or AIDS"
"525","TWrex-diagnose","bronchial hyperresponsiveness","224","253","methacholine","378","390","Patients with a dual reaction had a longer period of exposure to red cedar dust between the onset of the respiratory symptoms and the time of the definitive diagnosis, a lower FEF 25-75% and a greater degree of non-specific bronchial hyperresponsiveness compared to patients with isolated immediate or isolated late reactions; the difference in bronchial hyperresponsiveness to methacholine among the three groups persisted when the values were adjusted for the different baseline value of FEV1"
"526","TWrex-diagnose","tuberculosis","145","157","tuberculin","172","182","Among the variables analyzed, the radiological status had the greater impact into the diagnosis (OR = 25.39), followed by exposure to adult with tuberculosis (OR = 10.67), tuberculin skin test >10mm (OR = 8.23"
"527","TWrex-diagnose","lung","92","96","xenon 133","178","187","In this study the cross-sectional functional differences between the central and peripheral lung in smokers with pulmonary emphysema were evaluated by lung perfusion and dynamic xenon-133 single-photon emission tomography (SPET"
"528","TWrex-diagnose","tuberculosis","55","67","PPD","212","215","A 16-year-old Caucasian girl who showed no evidence of tuberculosis or other systemic disease developed acute panuveitis progressing to bilateral serous retinal detachments following purified protein derivative (PPD) skin testing on two separate occasions separated by an interval of 8 years"
"529","TWrex-diagnose","tuberculosis","25","37","PPD+","51","55","Stimulation profiles for tuberculosis patients and PPD+ contacts were extremely heterogeneous, formally demonstrating that an enormous number of different antigens serve as targets of the cellular immune response to M. tuberculosis"
"530","TWrex-diagnose","Tbc","97","100","tuberculin","136","146","No significant difference has been observed between patients with definite or probable pulmonary Tbc according to the average age, sex, tuberculin test positivity and history of Tbc contact"
"531","TWrex-diagnose","tuberculosis","48","60","TB","62","64","The model is further developed to address human tuberculosis (TB) and the impact of vaccination"
"532","TWrex-diagnose","TB","125","127","tuberculin","175","185","All Irish dairy herds restricted from trading between the 1(st) June 2004 and the 31(st) May 2005 as a result of two or more TB reactors by the Single Intradermal Comparative Tuberculin Test (SICTT) were considered for study"
"533","TWrex-diagnose","tuberculosis","180","192","tuberculin","122","132","The histologic and bacteriologic diagnosis of tuberculous lymphnodes was unexpected, as the patient was unreactive to the tuberculin skin test and had no signs of active pulmonary tuberculosis"
"534","TWrex-diagnose","tuberculosis","68","80","TB","107","109","QuantiFERON-TB Gold (QFT) is an indirect diagnostic test for latent tuberculosis (TB) infection and active TB"
"535","TWrex-diagnose","tuberculosis","18","30","tuberculin","113","123","A case of miliary tuberculosis associated with two different forms of cutaneous tuberculosis and a negative Heaf tuberculin test is reported"
"536","TWrex-diagnose","tuberculosis","265","277","TB","65","67","Peripheral blood mononuclear cells (PBMC) obtained from diabetic TB patients, non-diabetic TB patients and Mycobacterium bovis bacilli Calmette-Guérin (BCG)-vaccinated healthy subjects were cultured in the presence of complex mycobacterial antigens and pools of M. tuberculosis regions of difference (RD)1, RD4, RD6 and RD10 peptides"
"537","TWrex-diagnose","TB","87","89","PPD","152","155","Transient increases in plasma-derived IFNgamma as a result of TT during an established TB infection were more pronounced when blood was stimulated with PPD-A compared with PPD-B stimulation"
"538","TWrex-diagnose","malignant hyperthermia","33","55","halothane","105","114","Trapezius muscle from normal and malignant hyperthermia (MH) pigs was used to investigate the effects of halothane on contractile properties and on the calcium transport system of isolated surface membranes"
"539","TWrex-diagnose","tuberculosis","113","125","TB","22","24","Yet, previous work on TB fusion subunit vaccine candidate, Mtb72f, has suggested that genetic diversity among M. tuberculosis strains may compromise vaccine efficacy"
"540","TWrex-diagnose","tuberculosis","68","80","TB","82","84","QuantiFERON-TB Gold (QFT) is an indirect diagnostic test for latent tuberculosis (TB) infection and active TB"
"541","TWrex-diagnose","tuberculosis","17","29","PPD","104","107","Human and bovine tuberculosis have long been detected by skin testing with purified protein derivative (PPD), a complex mix of partly denatured mycobacterial antigens with suboptimal specificity"
"542","TWrex-diagnose","tuberculosis","235","247","PPD","37","40","Mantoux purified protein derivative (PPD) skin testing was performed in schoolchildren who were grouped according to positive (Group I, n = 205) and negative (Group II, n = 79) exposure to recent acid-fast bacilli (AFB) smear-positive tuberculosis (TB) family contact"
"543","TWrex-diagnose","tuberculosis","53","65","PPD","294","297","These data also suggest that in HIV-infected persons tuberculosis most often results from the reactivation of latent tuberculous infection; our results lend support to recommendations for the aggressive use of chemoprophylaxis against tuberculosis in patients with HIV infection and a positive PPD test"
"544","TWrex-diagnose","diabetes insipidus","312","330","vasopressin","275","286","Marked changes of the hypothalamo-pituitary axis have been documented in the acute phase of TBI, with as many as 80% of patients showing evidence of gonadotropin deficiency, 18% of growth hormone deficiency, 16% of corticotrophin deficiency and 40% of patients demonstrating vasopressin abnormalities leading to diabetes insipidus or the syndrome of inappropriate anti-diuresis"
"545","TWrex-diagnose","tuberculosis","392","404","PPD","468","471","Mycobacteria antigens derived from whole cells and cell walls of M. tuberculosis and M. bovis (BCG) and soluble purified protein derivative (PPD) prepared from M. tuberculosis were used in solid phase radioimmunoassays to measure the amount of reactive IgG antibody in serums from 54 patients with active (culture-positive) tuberculosis (Group I), 6 patients with inactive (culture-negative) tuberculosis (Group II), 15 healthy subjects who were skin test positive to PPD (Group III), and 30 healthy persons who were PPD skin"
"546","TWrex-diagnose","tuberculosis","163","175","PPD","141","144","Mycobacteria antigens derived from whole cells and cell walls of M. tuberculosis and M. bovis (BCG) and soluble purified protein derivative (PPD) prepared from M. tuberculosis were used in solid phase radioimmunoassays to measure the amount of reactive IgG antibody in serums from 54 patients with active (culture-positive) tuberculosis (Group I), 6 patients with inactive (culture-negative) tuberculosis (Group II), 15 healthy subjects who were skin test positive to PPD (Group III), and 30 healthy persons who were PPD skin"
"547","TWrex-diagnose","mumps","190","195","virus","196","201","Cultured neurons from rat dorsal root ganglia and cerebral cortex were infected with Sendai virus, which gives a productive replication with lysis of most neurons, and with the RW strain of mumps virus, which undergoes defective replication causing degeneration of only 30-40% of the neurons within 5 days after initial infection"
"548","TWrex-diagnose","tuberculosis","53","65","tuberculin","239","249","Circulating monocytes from four of six patients with tuberculosis functioned as suppressor cells; depletion of adherent cells from mononuclear cells obtained from the peripheral blood of these patients resulted in a 37-fold enhancement in tuberculin purified protein derivative-induced incorporation of [3H]thymidine"
"549","TWrex-diagnose","disorder","102","110","dexamethasone","133","146","We investigated the 1-mg dexamethasone suppression test (DST) in 41 outpatients with major depressive disorder assessing the role of dexamethasone blood level, age and basal cortisol on DST results"
"550","TWrex-diagnose","cushing's syndrome","35","53","dexamethasone","151","164","Children with a pituitary cause of Cushing's syndrome presented at an older age (mean, 15.7 years) and were diagnosed using a combination of high-dose dexamethasone testing, simultaneous inferior petrosal sinus sampling, and/or ovine corticotrophin-releasing hormone stimulation test"
"551","TWrex-diagnose","pulmonary tb","237","249","TB","139","141","In the present study, IFN-gamma secretion by peripheral blood mononuclear cells (PBMCs) in response to M. tuberculosis ESAT-6 in Brazilian TB patients was investigated in relation to clinical disease types, such as pleurisy and cavitary pulmonary TB"
"552","TWrex-diagnose","tuberculosis","12","24","TB","26","28","BACKGROUND: Tuberculosis (TB) is still a major public health problem that continues to be an important cause of morbidity and mortality at worldwide level"
"553","TWrex-diagnose","syndrome","45","53","dexamethasone","151","164","Children with a pituitary cause of Cushing's syndrome presented at an older age (mean, 15.7 years) and were diagnosed using a combination of high-dose dexamethasone testing, simultaneous inferior petrosal sinus sampling, and/or ovine corticotrophin-releasing hormone stimulation test"
"554","TWrex-diagnose","tuberculosis","84","96","PPD","111","114","In vitro proliferative response of lung cells from mice infected with Mycobacterium tuberculosis H37Rv against PPD and Con A was studied"
"555","TWrex-diagnose","tuberculosis","3","15","PPD","16","19","M. tuberculosis PPD, M. tuberculosis antigen 6, and M. tuberculosis culture filtrate were, in descending order, less accurate"
"556","TWrex-diagnose","tuberculosis","225","237","tuberculin","126","136","The mean size of TR of 60 patients was 24.0 +/- 13.9 mm and maximum size was 60 mm. Seven patients who had no reaction to the tuberculin skin test consisted of three primary complex and four serious tuberculosis (two miliary tuberculosis and two tuberculous meningitis"
"557","TWrex-diagnose","TB","120","122","tuberculin","67","77","Although BCG vaccination interferes with the interpretation of the tuberculin skin test (TST), newer tests (QuantiFERON-TB Gold, T-SPOT.TB) are unaffected by BCG vaccination"
"558","TWrex-diagnose","pulmonary tb","97","109","TB","129","131","There was a significantly higher incidence of TB, particularly amongst cases with smear-negative pulmonary TB and extrapulmonary TB, in the semi-urban population compared with the rural population"
"559","TWrex-diagnose","tuberculosis","121","133","TB","135","137","Peripheral CD4 T-cell depletion has been observed in human immunodeficiency virus (HIV)-negative patients with pulmonary tuberculosis (TB"
"560","TWrex-diagnose","bladder","82","89","bethanechol chloride","15","35","The failure of bethanechol chloride to induce voiding in patients with neurogenic bladder, despite a positive bethanechol test, is being reported more frequently"
"561","TWrex-diagnose","tuberculosis","146","158","tuberculin","85","95","The high prevalence of A(*)-in positivity in Burma, its reciprocal relationship with Tuberculin there and the results for all the antigens in the tuberculosis patients indicate that the cell mediated skin test response may have a threshold"
"562","TWrex-diagnose","thyroid","138","145","thyrotrophin releasing hormone","254","284","Although levels of thyroxine and triiodothyronine were lower after treatment (p less than 0.05), there were no changes in basal levels of thyroid-stimulating hormone (TSH), luteinizing hormone (LH) or follicle-stimulating hormone (FSH), and responses to thyrotrophin releasing hormone (TRH) and luteinizing hormone releasing hormone (LHRH) were unchanged"
"563","TWrex-diagnose","bladder","82","89","bethanechol","15","26","The failure of bethanechol chloride to induce voiding in patients with neurogenic bladder, despite a positive bethanechol test, is being reported more frequently"
"564","TWrex-diagnose","diabetes insipidus","22","40","vasopressin","104","115","She had suffered from diabetes insipidus for ten years, and hormonal study revealed low plasma level of vasopressin"
"565","TWrex-diagnose","tuberculosis","55","67","TB","243","245","Through a retrospective survey of patients at District Tuberculosis Units (DTUs) of the National Tuberculosis Programme in Ho Chi Minh City, we investigated utilization of private and public health-care providers among people with symptoms of TB"
"566","TWrex-diagnose","myasthenia gravis","63","80","edrophonium","142","153","Tonography of the eye was performed in 15 patients with proven myasthenia gravis and ten control subjects, before and after administration of edrophonium (Tensilon"
"567","TWrex-diagnose","tuberculosis","55","67","PPD","231","235","A varied performance of the assay was observed between tuberculosis and tuberculosis-paratuberculosis mixed infection regarding both the number of positive results and the OD values obtained after stimulation with bovine and avian PPDs"
"568","TWrex-diagnose","tuberculosis","159","171","TB","259","261","This article reports the findings from a clinical study that examined the impact of health education and counseling on the decision of a patient infected with tuberculosis (TB) to complete a regimen of isoniazid (INH) chemoprophylaxis for 6 months to prevent TB"
"569","TWrex-diagnose","TB","83","85","tuberculin","16","26","We compared the tuberculin skin test (TST) to QuantiFERON-TB (QFT) and QuantiFERON-TB Gold (QFT-G) for the detection of latent tuberculosis"
"570","TWrex-diagnose","pulmonary tb","142","154","TB","382","384","To investigate the association between sputum smear status at presentation and local pulmonary immune responses in HIV-infected patients with pulmonary TB, we compared the cellular and cytokine profiles in bronchoalveolar lavage (BAL) fluid obtained from the site of lung disease in 22 sputum smear- and culture-positive, and 17 sputum smear-negative but culture-positive pulmonary TB patients"
"571","TWrex-diagnose","tuberculosis","56","68","TB","115","117","Patients with diabetes mellitus are more susceptible to tuberculosis (TB), and the clinical conditions of diabetic TB patients deteriorate faster than non-diabetic TB patients, but the immunological basis for this phenomenon is not understood clearly"
"572","TWrex-diagnose","TBC","254","257","PPD-","109","113","Subjects were divided into 18 healthy volunteers without detectable reaction to purified protein derivative (PPD-), 18 health care workers with a recent conversion to PPD, 20 patients with active pulmonary tuberculosis (TBC) and 15 patients with treated TBC at 6 months of therapy"
"573","TWrex-diagnose","tuberculosis","92","104","purified protein derivative","58","85","In areas of high transmission, the algorithm excludes the purified protein derivative of M. tuberculosis skin test"
"574","TWrex-diagnose","tuberculosis","48","60","TB","159","161","Our results suggest that latency antigens of M. tuberculosis may be promising targets for developing more effective recombinant BCG strains to protect against TB"
"575","TWrex-diagnose","tuberculosis","25","37","TB","39","41","To inform development of tuberculosis (TB) control strategies, we characterized a total of 2,261 Mycobacterium tuberculosis complex isolates by using multiple phenotypic and molecular markers, including polymorphisms in repetitive sequences (spoligotyping and variable-number tandem repeats [VNTRs]) and large sequence and single-nucleotide polymorphisms"
"576","TWrex-diagnose","infection","112","121","tuberculin","28","38","In this study, we conducted tuberculin skin tests to estimate the prevalence and annual risk of M. tuberculosis infection in first-grade schoolchildren in Taiwan Province"
"577","TWrex-diagnose","tuberculosis","109","121","TB","188","190","IGRAs showed poor agreement with the tuberculin skin test (TST), except in countries with high incidences of tuberculosis (TB), but generally correlated better with markers of exposure to TB including during contact investigation"
"578","TWrex-diagnose","pituitary","36","45","arginine","382","390","Acta Paediatr Scand, 65:177, 1976.--Pituitary-adrenal reserve was evaluated in control and hypopituitary subjects by comparing the 8 a.m. plasma 11-deoxycorticoid response (11-DOCS) to a single midnight oral dose of metyrapone (short test) with 1) the 8 a.m. 11-DOCS increase under repeated oral doses of metyrapone (prolonged test) and 2) with the plasma corticoid response during arginine-insulin test"
"579","TWrex-diagnose","malignant hyperthermia","145","167","halothane","25","34","At high concentration of halothane, freeze fracture replicas show small unilamellar vesicles or mixed micelles, uniformly sprayed in the case of malignant hyperthermia membranes but mainly aggregated for the normal ones"
"580","TWrex-diagnose","cushing's syndrome","10","28","dexamethasone","355","368","A case of Cushing's Syndrome is discussed, induced by ectopic secretion of ACTH by a Benign Bronchial Carcinoid Tumor, which due to its clinical features (asymptomatic and invisible to conventional radiology and associated with typical signs of Chronic Hypercortisolism) and biochemical findings (ACTH only slightly raised and suppression with high doses dexamethasone), simulated an hypophyseal origin, the pulmonary tumor being showed only after 3 years of the diagnosis of Cushing's Syndrome"
"581","TWrex-diagnose","tuberculosis","176","188","TB","244","246","Moreover, a considerable number of sera from healthy controls, especially from younger age groups, had high anti-PGL-tb titres, which implies that environmental exposure to M. tuberculosis is much higher than has been estimated from the actual TB cases"
"582","TWrex-diagnose","tb","16","18","TB","33","35","The hybrid gene tb, encoding the TB, was correctly expressed in Escherichia coli BL21 and Pichia pastoris GS115"
"583","TWrex-diagnose","tuberculosis","42","54","tuberculin","88","98","Out of these 36 subjects - of whom 12 had tuberculosis-with positive skin test with one tuberculin, only 11 had a positive result with the other, the mean diameter of the latter being 50% lower"
"584","TWrex-diagnose","tuberculosis","59","71","TB","73","75","The purpose of this study was to compare the occurrence of tuberculosis (TB) and the outcome of treatment between TB patients living in urban and rural areas"
"585","TWrex-diagnose","tuberculosis","0","12","TB","14","16","Tuberculosis (TB) remains a serious public health problem, worsened by an increased frequency of multidrug-resistant (MDR) Mycobacterium tuberculosis strains"
"586","TWrex-diagnose","hyperresponsiveness","227","246","methacholine","268","280","We determined (1) the FEV1 response of all patients to the inhalation of NaCl (the difference between the FEV1 before NaCl and the FEV1 after NaCl), and (2) the correlation between the response to saline solution and bronchial hyperresponsiveness (BHR) measured using methacholine"
"587","TWrex-diagnose","tuberculosis","75","87","tuberculin","14","24","In a study of tuberculin skin tests in 216 consecutive untreated pulmonary tuberculosis patients, one showed central necrosis at 48 h: there was no effective blood flow at the centre of this lesion, but the periphery was markedly hyperaemic"
"588","TWrex-diagnose","Cushing","10","19","dexamethasone","355","368","A case of Cushing's Syndrome is discussed, induced by ectopic secretion of ACTH by a Benign Bronchial Carcinoid Tumor, which due to its clinical features (asymptomatic and invisible to conventional radiology and associated with typical signs of Chronic Hypercortisolism) and biochemical findings (ACTH only slightly raised and suppression with high doses dexamethasone), simulated an hypophyseal origin, the pulmonary tumor being showed only after 3 years of the diagnosis of Cushing's Syndrome"
"589","TWrex-diagnose","bronchial hyperresponsiveness","25","54","metacholine","66","77","Moreover, the Ag-induced bronchial hyperresponsiveness to inhaled metacholine was almost completely blocked"
"590","TWrex-diagnose","infection","214","223","blood test","166","176","The prospective study was conducted over one year and COPD patients admitted to hospital with exacerbations were included in the study if they had a positive D-dimer blood test and no evidence of acute respiratory infection"
"591","TWrex-diagnose","tuberculosis","152","164","tuberculin","92","102","We assessed the characteristics of the QuantiFERON-Gold In-Tube (QFT-GIT) compared with the tuberculin skin test (TST) in 198 refugees of all ages from tuberculosis-endemic countries"
"592","TWrex-diagnose","tuberculosis","71","83","tuberculin","197","207","Some 840 bacille Calmette-Guérin (BCG)-vaccinated healthy controls and tuberculosis patients from two Chinese hospitals were submitted to comparative skin tests with purified protein derivative of tuberculin (PPD; as reference) and with the antigen complex A60 from Mycobacterium bovis BCG"
"593","TWrex-diagnose","tuberculosis","17","29","TB","31","33","Beijing genotype tuberculosis (TB) accounted for 73.8 % (240/325) of the isolates"
"594","TWrex-diagnose","hyperreactivity","133","148","methacholine","167","179","In conscious, permanently instrumented, unrestrained, ovalbumin-sensitized guinea-pigs the development of allergen-induced bronchial hyperreactivity to histamine- and methacholine-inhalation was investigated after the early as well as after the late asthmatic response"
"595","TWrex-diagnose","diabetes insipidus","37","55","vasopressin","110","121","All seven cases of severe neurogenic diabetes insipidus diagnosed by the indirect tests were confirmed by the vasopressin assay"
"596","TWrex-diagnose","tuberculosis","94","106","PPD","160","163","Though tubercle bacilli were not isolated from her sputum, pulmonary lesions considered to be tuberculosis due to their typical location and nature, a positive PPD skin test, and the response to antituberculous drugs"
"597","TWrex-diagnose","tuberculosis","96","108","TB","176","178","The unrecognized case of tuberculosis is much more likely to be the source of transmission of M tuberculosis than is the individual who has a diagnosis of TB or &quot;rule-out TB"
"598","TWrex-diagnose","tuberculosis","70","82","TB","96","98","Sputum was positive for acid-fast bacilli and Amplified Mycobacterium Tuberculosis Direct Test (TB-MTD) was positive"
"599","TWrex-diagnose","aspergillosis","188","201","aspergillus fumigatus","17","38","The isolation of Aspergillus fumigatus from airway secretions from patients with cystic fibrosis (CF) is common and usually denotes asymptomatic colonization or allergic broncho-pulmonary aspergillosis (ABPA"
"600","TWrex-diagnose","neurogenic bladder","71","89","chloride","27","35","The failure of bethanechol chloride to induce voiding in patients with neurogenic bladder, despite a positive bethanechol test, is being reported more frequently"
"601","TWrex-diagnose","cortex","97","103","hormone","20","27","Adrenocorticotropic hormone (ACTH) controls release of cortisol which is produced by the adrenal cortex and enables the body to cope with stress; cortisol is replaced with prednisolone given orally"
"602","TWrex-diagnose","tuberculosis","122","134","derivative","85","95","Although delayed-type hypersensitivity skin testing with tuberculin purified protein derivative (PPD) is the standard for tuberculosis screening, its variability suggests the need for a more sensitive, noninvasive test"
"603","TWrex-diagnose","neurogenic bladder","71","89","bethanechol chloride","15","35","The failure of bethanechol chloride to induce voiding in patients with neurogenic bladder, despite a positive bethanechol test, is being reported more frequently"
"604","TWrex-diagnose","aspergillosis","188","201","aspergillus","17","28","The isolation of Aspergillus fumigatus from airway secretions from patients with cystic fibrosis (CF) is common and usually denotes asymptomatic colonization or allergic broncho-pulmonary aspergillosis (ABPA"
"605","TWrex-diagnose","erectile dysfunction","188","208","papaverine","97","107","We aimed to compare the electrical activity of corpus cavernosum before and after intracavernous papaverine injection and to determine the blood lipid profile in vascular and non-vascular erectile dysfunction, and also to assess whether vascular pathology and abnormal blood lipid levels impair cavernosal smooth-muscle relaxation"
"606","TWrex-diagnose","tumor","136","142","DTPA","11","15","Gadolinium-DTPA was used safely in 23 human subjects with brain tumors, hepatic tumors and cysts, and a variety of abdominal and pelvic tumors"
"607","TWrex-diagnose","tuberculosis","28","40","TB","225","227","After clinical examination, tuberculosis (TB) was considered the likely diagnosis in 256 cases, of which 132 were offered an antituberculous treatment according to the current recommendations of the Swiss Association against TB"
"608","TWrex-diagnose","tuberculosis","49","61","PPD-","143","147","Separated antigens were probed with T cells from tuberculosis patients and purified protein derivative (PPD)-positive (PPD+) and PPD-negative (PPD-) contacts as well as normal healthy donors"
"609","TWrex-diagnose","syndrome","57","65","dexamethasone","237","250","A 25-year-old primigravid woman presented with Cushing's syndrome at 23 weeks gestation; serum cortisol was 1090 nmol/l at 0900 h, 1230 nmol/l at 2200 h; basal urinary free cortisol excretion was 3680 nmol/24 h, and 8830 nmol/24 h after dexamethasone 8 mg daily for 48 hours; plasma ACTH was"
"610","TWrex-diagnose","tuberculosis","222","234","PPD","242","245","The antigens studied were an unheated sterile culture filtrate of Mycobacterium tuberculosis, tuberculin purified protein derivative (PPD) from M. tuberculosis (PPDa), purified cytoplasmic protein antigens 5 and 6 from M. tuberculosis, and a PPD prepared from M. kansasi (PPDk"
"611","TWrex-diagnose","tuberculosis","80","92","tuberculin","113","123","A case of miliary tuberculosis associated with two different forms of cutaneous tuberculosis and a negative Heaf tuberculin test is reported"
"612","TWrex-diagnose","tuberculosis","111","123","TB","39","41","To inform development of tuberculosis (TB) control strategies, we characterized a total of 2,261 Mycobacterium tuberculosis complex isolates by using multiple phenotypic and molecular markers, including polymorphisms in repetitive sequences (spoligotyping and variable-number tandem repeats [VNTRs]) and large sequence and single-nucleotide polymorphisms"
"613","TWrex-diagnose","diabetes insipidus","208","226","vasopressin","110","121","In an attempt to clarify the mechanism responsible for the prolonged effect of DDAVP (1-desamino-8-D-arginine vasopressin), plasma levels of DDAVP and nephrogenous cyclic AMP were determined in patients with diabetes insipidus after a single intranasal administration of 10 micrograms of DDAVP"
"614","TWrex-diagnose","aspergillosis","394","407","aspergillus","342","353","The present study was designed to investigate a possible association between alleles carried at position -1082 in the promoter region of the IL-10 gene and clinical data on 378 patients with CF. After adjustment for potential confounding variables, a significant relationship was found between the -1082GG genotype and both colonization with Aspergillus fumigatus and allergic bronchopulmonary aspergillosis"
"615","TWrex-diagnose","bacillus","144","152","tuberculin","75","85","The diagnosis of an infection is based on a study of the skin responses to tuberculin and those on tuberculosis on the evidence of the tubercle bacillus"
"616","TWrex-diagnose","tuberculosis","97","109","tuberculin","125","135","We report the case of a psoriatic patient, who, despite a negative screening for infection by M. tuberculosis including both tuberculin skin test (TST) and chest X-ray, developed after 4 months of infliximab treatment, a severe pulmonary, lymphnodal and intestinal tuberculosis during infliximab treatment"
"617","TWrex-diagnose","tuberculosis","109","121","tuberculin","37","47","IGRAs showed poor agreement with the tuberculin skin test (TST), except in countries with high incidences of tuberculosis (TB), but generally correlated better with markers of exposure to TB including during contact investigation"
"618","TWrex-diagnose","tuberculosis","183","195","purified protein derivative","104","131","A presumptive diagnosis of tuberculosis was made on the basis of 10 mm or more of induration to 5 TU of purified protein derivative and a chest film or other findings compatible with tuberculosis"
"619","TWrex-diagnose","aspergillosis","98","111","aspergillus fumigatus","123","144","The efficacy and toxicity of free and liposome intercalated amphotericin-B (Amp-B) in controlling Aspergillosis, caused by Aspergillus fumigatus in BALB/c mice were studied"
"620","TWrex-diagnose","tuberculosis","61","73","TB","106","108","The present data demonstrate the specificity of ESAT-6 of M. tuberculosis and its ability to discriminate TB patients from controls, including leprosy patients"
"621","TWrex-diagnose","pheochromocytoma","53","69","phenoxybenzamine hydrochloride","132","162","In a 54-year-old man with a norepinephrine-secreting pheochromocytoma, resistance developed to the alpha-adrenergic blocking agent, phenoxybenzamine hydrochloride"
"622","TWrex-diagnose","tuberculosis","109","121","TB","123","125","IGRAs showed poor agreement with the tuberculin skin test (TST), except in countries with high incidences of tuberculosis (TB), but generally correlated better with markers of exposure to TB including during contact investigation"
"623","TWrex-diagnose","TB","167","169","tuberculin","295","305","Screening of his contacts by tuberculin skin tests (2TU RT23 W. Tw.80) provided data for analyzing the usefulness of tuberculin tests for monitoring of propagation of TB infection among BCG vaccinated population with high TB prevalence in the A statistically significant difference was found in tuberculin reactivity between 543 contacts and 232 individuals who had not reported contact with, the patient"
"624","TWrex-diagnose","tuberculosis","0","12","TB","14","16","Tuberculosis (TB) continues to be a major cause of morbidity and mortality throughout the world"
"625","TWrex-diagnose","TB","188","190","tuberculin","37","47","IGRAs showed poor agreement with the tuberculin skin test (TST), except in countries with high incidences of tuberculosis (TB), but generally correlated better with markers of exposure to TB including during contact investigation"
"626","TWrex-diagnose","tuberculosis","59","71","TB","73","75","CD8+ T cells derived from HLA-A*0201+ patients with active tuberculosis (TB) as well as tuberculin skin test-positive individuals who had no history of TB were used as effector cells to determine whether these epitopes are recognized by in vivo-primed CTLs"
"627","TWrex-diagnose","tuberculosis","0","12","TB","14","16","Tuberculosis (TB) remains to be a global health problem"
"628","TWrex-diagnose","tuberculosis","40","52","TB","109","111","The genotypic characteristics of the M. tuberculosis predominant LAM strain that was responsible for 31 % of TB cases in this setting are presented"
"629","TWrex-diagnose","tumour","27","34","DTPA","161","165","32 patients with abdominal tumours or inflammatory abdominal diseases were examined by MRI (0.5 T) prior to and after oral administration of gadolinium-DTPA (Gd-DTPA"
"630","TWrex-diagnose","malignant hyperthermia","174","196","halothane","162","171","Family II is the group of greatest pharmacogenetic and clinical interest, since it is responsible of the polymorphism of the response to different drugs, such as halothane, (malignant hyperthermia), ethanol (alcohol intolerance), nitrosamine, (cancer), debrisoquine (hypotension), spartein (excessive uterine contractions"
"631","TWrex-diagnose","tuberculosis","279","291","tuberculin","211","221","The involvement of occupational medicine units in health training in national public health programs and especially in programs combating tuberculosis must be a high-priority activity, because studies show that tuberculin conversion rates diminish significantly when programs of tuberculosis sensitization (information, education and communication), prevention (vaccination), and control (screening and treatment) are widely available to healthcare professionals, even those who have direct and constant with patients with tuberculosis"
"632","TWrex-diagnose","malabsorption","65","78","vitamin a","98","107","Vitamin A malnutrition in cirrhotics may be caused by poor diet, malabsorption, decreased hepatic vitamin A uptake, and decreased hepatic storage capacity for vitamin A. In some cirrhotic patients zinc deficiency and or protein deficiency may limit the ability to respond to vitamin A. Combined vitamin A and zinc deficiencies are common in cirrhotics and either may result in abnormal dark adaptation or impaired taste and smell"
"633","TWrex-diagnose","tuberculosis","38","50","tuberculin","110","120","Despite this, a greater percentage of tuberculosis patients in each country responded to the specific reagent Tuberculin than did the control populations and their mean positive induration sizes were consistently larger"
"634","TWrex-diagnose","tuberculosis","233","245","tuberculin","163","173","Incorporation of these tests into programs for targeted testing of latent tuberculosis infection will reduce false-positive and false-negative results inherent in tuberculin testing, equipping clinicians with more accurate tools for tuberculosis control and elimination in the 21st century"
"635","TWrex-diagnose","impotence","81","90","papaverine","119","129","The authors present the seamy side of the beneficial practice to handle erectile impotence with papaverine or with the papaverine-Regitin combination"
"636","TWrex-diagnose","depression","145","155","dexamethasone","52","65","The aim of the present study was to investigate how dexamethasone, a synthetic glucocorticoid, and norepinephrine, both of which are involved in depression, interact to affect aspects of neuronal plasticity"
"637","TWrex-diagnose","tuberculosis","181","193","TB","195","197","The aqueous fraction of Triton X-100-soluble proteins (TSP-Aq) of Mycobacterium tuberculosis cell wall was reported to stimulate T-cell responses in peripheral blood monocytes from tuberculosis (TB) patients and to induce Th1 cytokines, suggesting presence of protective antigens"
"638","TWrex-diagnose","syndrome","36","44","dexamethasone","50","63","In a 10-year-old boy with Cushing's syndrome, the dexamethasone suppression test, the metyrapone test, and both basal and corticotropin-releasing factor-stimulated corticotropin levels all indicated a primary adrenal disorder"
"639","TWrex-diagnose","pulmonary tb","67","79","TB","106","108","Interestingly, Rv1168c antigen permits diagnosis of smear-negative pulmonary TB as well as extrapulmonary TB cases, which are often difficult to diagnose by conventional tests"
"640","TWrex-diagnose","tuberculosis","324","336","TB","385","387","The certification of air-purifying respirators under these proposed requirements would also enable respirator users to select from a broader range of certified respirators that meet the current performance criteria recommended by CDC for respiratory devices used in health-care settings for protection against Mycobacterium tuberculosis, the infectious agent that causes tuberculosis (TB"
"641","TWrex-diagnose","thyroid","390","397","thyrotropin releasing hormone","434","463","When sleep polygraphic variables, neuroendocrine parameters (dexamethasone suppression and thyrotropin-releasing hormone tests), and various clinical variables (unipolar/bipolar status, psychotic/nonpsychotic subtype, and severity of the depressive episode) were examined, statistically significant differences between endogenous and nonendogenous patients emerged for three variables: the thyroid-stimulating hormone response to the thyrotropin-releasing hormone test, the dexamethasone suppression test response at 16:00 h, and the percentage of time awake during the night"
"642","TWrex-diagnose","diabetes insipidus","4","22","antidiuretic hormone","71","91","The diabetes insipidus responded to chlorpropamide, suggesting partial antidiuretic hormone deficiency"
"643","TWrex-diagnose","tuberculosis","54","66","TB","21","23","Sixty percent of the TB patients indeed recognized M. tuberculosis ESAT-6, as did 50% of the leprosy patients and 60% of the non-TB controls"
"644","TWrex-diagnose","lung","137","141","xenon","218","223","The regional distribution of ventilation (Vr), perfusion (Qr) (expressed in absolute values) and the regional distribution of ventilated lung volume, of ventilation and of perfusion (expressed as %) were studied using Xenon 133 in 13 subjects with a unilateral pleural effusion of proven or presumed tuberculous origin"
"645","TWrex-diagnose","depression","125","135","dexamethasone","74","87","Neuroendocrine abnormalities present in depressive illness and use of the dexamethasone suppression test (DST) in diagnosing depression are reviewed"
"646","TWrex-diagnose","infection","87","96","tuberculin","163","173","Incorporation of these tests into programs for targeted testing of latent tuberculosis infection will reduce false-positive and false-negative results inherent in tuberculin testing, equipping clinicians with more accurate tools for tuberculosis control and elimination in the 21st century"
"647","TWrex-diagnose","tuberculosis","0","12","TB","14","16","Tuberculosis (TB) is a leading cause of global mortality"
"648","TWrex-diagnose","TB","98","100","tuberculin","162","172","These data were compared with data obtained from 15 patients with newly diagnosed pulmonary TB (N-TB), 22 patients with treatment failure (TF-TB), and 19 healthy tuberculin reactors (HTR"
"649","TWrex-diagnose","tuberculosis","15","27","TB","142","144","Of 95 cases of tuberculosis diagnosed at Grady Memorial Hospital in 1972, only six patients were not already diagnosed or suspected of having TB at the time of admission to the hospital"
"650","TWrex-diagnose","tuberculosis","149","161","TB","163","165","Bone marrow biopsy was performed to investigate the cause of thrombocytopenia and demonstrated multiple tiny caseating granulomas suggesting miliary tuberculosis (TB"
